"SRM_SaaS_ES","MXASSETInterface","AddChange","EN",,,,,,,,,,,,,,,,,,,,,,,,,,,,,,,,,,,,,,,,,,,,,,,,,,,,,,,,,,,,,,,,,,,,,,,,,,,,,,,,,,,,,,,,,,,,,,,,,,,,,,,,,,,,,,,,,,,,,,,,,,,,,,,,,,,,,,,,,,,,,,,,,,,,,,,,,,,,,,,,,,,,,,,,,,,,,,,,,,,,,,,
"ANCESTOR","ASSETNUM","ASSETTAG","ASSETTYPE","AUTOWOGEN","BINNUM","BUDGETCOST","CALNUM","CHANGEBY","CHANGEDATE","CHANGEPMSTATUS","CHILDREN","CONDITIONCODE","AS_DESCRIPTION","AS_DESCRIPTION_LD","DIRECTION","DISABLED","ENDDESCRIPTION","ENDMEASURE","EQ1","EQ10","EQ11","EQ12","EQ2","EQ23","EQ24","EQ3","EQ4","EQ5","EQ6","EQ7","EQ8","EQ9","AS_EXTERNALREFID","FAILURECODE","GLACCOUNT","GROUPNAME","HIERARCHYPATH","INSTALLDATE","INVCOST","ISLINEAR","ISRUNNING","AS_ITEMNUM","AS_ITEMSETID","ITEMTYPE","AS_LOCATION","LRM","MAINTHIERCHY","AS_MANUFACTURER","MOVED","AS_ORGID","AS_OWNERSYSID","PARENT","PRIORITY","PURCHASEPRICE","REMOVEFROMACTIVEROUTES","REMOVEFROMACTIVESP","REPLACECOST","ROLLTOALLCHILDREN","ROTSUSPACCT","AS_SENDERSYSID","SERIALNUM","SHIFTNUM","AS_SITEID","AS_SOURCESYSID","STARTDESCRIPTION","STARTMEASURE","AS_STATUS","AS_STATUSDATE","TOOLCONTROLACCOUNT","TOOLRATE","TOTALCOST","TOTDOWNTIME","TOTUNCHARGEDCOST","UNCHARGEDCOST","USAGE","VENDOR","WARRANTYEXPDATE","YTDCOST","ACTIVE","ASSETMETERID","AVERAGE","AVGCALCMETHOD","BASEMEASUREUNITID","AM_CHANGEBY","AM_CHANGEDATE","ENDASSETFEATUREID","ENDBASEMEASURE","ENDFEATURE","ENDFEATUREID","ASM_ENDMEASURE","ENDMEASUREUNITID","ENDOFFSET","ENDOFFSETUNITID","ENDYOFFSET","ASM_ENDYOFFSETREF","ENDZOFFSET","ASM_ENDZOFFSETREF","LASTREADING","LASTREADINGDATE","LASTREADINSPECTOR","LIFETODATE","LINEARASSETMETERID","MEASUREUNITID","METERNAME","AM_ORGID","POINTNUM","READINGTYPE","REMARKS","ROLLDOWNSOURCE","ROLLOVER","SEQUENCE","SINCEINSTALL","SINCELASTINSPEC","SINCELASTOVERHAUL","SINCELASTREPAIR","SLIDINGWINDOWSIZE","STARTASSETFEATUREID","STARTBASEMEASURE","STARTFEATURE","STARTFEATUREID","ASM_STARTMEASURE","STARTMEASUREUNITID","STARTOFFSET","STARTOFFSETUNITID","STARTYOFFSET","ASM_STYOFFSETREF","STARTZOFFSET","ASM_STZOFFSETREF","ADDPERSON","ISCUSTODIAN","ISPRIMARY","ISUSER","LOCATION","MODIFYPERSON","MULTIID","AC_ORGID","PERSONID","REMOVEPERSON","WILLBECUSTODIAN","WILLBEPRIMARY","WILLBEUSER","ALNVALUE","ASSETATTRID","ASSETSPECID","AS_BASEMEASURUTID","ASPEC_CHANGEBY","ASPEC_CHANGEDATE","CLASSSTRUCTUREID","CONTINUOUS","DISPLAYSEQUENCE","AS_ENDASSETFEATID","AS_ENDBASEMSURE","ASPEC_ENDMEASURE","AS_ENDMEASURUTID","ASPEC_ENDOFFSET","AS_ENDOFFSETUTID","AS_ENDYOFFSET","AS_ENDYOFFSETREF","AS_ENDZOFFSET","AS_ENDZOFFSETREF","ES01","ES02","ES03","ES04","ES05","INHERITEDFROMITEM","ITEMSPECVALCHANGED","LINEARASSETSPECID","LINKEDTOATTRIBUTE","LINKEDTOSECTION","MANDATORY","ASPC_MESRUNITID","NUMVALUE","ORGID","SECTION","AS_STASSETFEATID","AS_STBASEMEASURE","ASPEC_STARTMEASURE","AS_STMEASUREUNITID","ASPEC_STARTOFFSET","AS_STATOFFSETUTID","AS_STYOFFSET","AS_STYOFFSETREF","AS_STZOFFSET","AS_STZOFFSETREF","TABLEVALUE"
,"Note03",,"IT",0,,0,,"MAXADMIN","2011-09-22T17:11:45-07:00",0,0,,"Thinkpad notebook T61P",,,0,,,,,,,,,,,,,,,,,,"HDDRIVE",,,"43000000 \ 43210000 \ 43211500 \ 43211503",,0,0,1,,"SET1",,"SDASITE",,0,,0,"SDAORG",,,,0,0,0,0,0,,"MX",,,"SDASITE",,,,"OPERATING","2011-09-22T17:18:18-07:00",,,0,0,0,0,,,,0,,,,,,,,,,,,,,,,,,,,,,,,,,,,,,,,,,,,,,,,,,,,,,,,,,,0,0,1,1,,0,,"SDAORG","SDAGENT",0,0,1,1,,,,,,,,,,,,,,,,,,,,,,,,,,,,,,,,,,,,,,,,,,,,,
,"Note03",,"IT",0,,0,,"MAXADMIN","2011-09-22T17:11:45-07:00",0,0,,"Thinkpad notebook T61P",,,0,,,,,,,,,,,,,,,,,,"HDDRIVE",,,"43000000 \ 43210000 \ 43211500 \ 43211503",,0,0,1,,"SET1",,"SDASITE",,0,,0,"SDAORG",,,,0,0,0,0,0,,"MX",,,"SDASITE",,,,"OPERATING","2011-09-22T17:18:18-07:00",,,0,0,0,0,,,,0,,,,,,,,,,,,,,,,,,,,,,,,,,,,,,,,,,,,,,,,,,,,,,,,,,,,,,,,,,,,,,,,"null","PROSPEED",,,"MAXADMIN","2011-09-22T17:19:11-07:00",43211503,0,3,,,,,,,,,,,,,,,,0,0,0,,,0,,,"SDAORG",,,,,,,,,,,,
,"Note03",,"IT",0,,0,,"MAXADMIN","2011-09-22T17:11:45-07:00",0,0,,"Thinkpad notebook T61P",,,0,,,,,,,,,,,,,,,,,,"HDDRIVE",,,"43000000 \ 43210000 \ 43211500 \ 43211503",,0,0,1,,"SET1",,"SDASITE",,0,,0,"SDAORG",,,,0,0,0,0,0,,"MX",,,"SDASITE",,,,"OPERATING","2011-09-22T17:18:18-07:00",,,0,0,0,0,,,,0,,,,,,,,,,,,,,,,,,,,,,,,,,,,,,,,,,,,,,,,,,,,,,,,,,,,,,,,,,,,,,,,"null","PSERIAL",,,"MAXADMIN","2011-09-22T17:19:11-07:00",43211503,0,4,,,,,,,,,,,,,,,,0,0,0,,,0,,,"SDAORG",,,,,,,,,,,,
,"Note03",,"IT",0,,0,,"MAXADMIN","2011-09-22T17:11:45-07:00",0,0,,"Thinkpad notebook T61P",,,0,,,,,,,,,,,,,,,,,,"HDDRIVE",,,"43000000 \ 43210000 \ 43211500 \ 43211503",,0,0,1,,"SET1",,"SDASITE",,0,,0,"SDAORG",,,,0,0,0,0,0,,"MX",,,"SDASITE",,,,"OPERATING","2011-09-22T17:18:18-07:00",,,0,0,0,0,,,,0,,,,,,,,,,,,,,,,,,,,,,,,,,,,,,,,,,,,,,,,,,,,,,,,,,,,,,,,,,,,,,,,"Note0123","ESERIAL",,,"MAXADMIN","2011-09-22T17:19:11-07:00",43211503,0,5,,,,,,,,,,,,,,,,0,0,0,,,0,,,"SDAORG",,,,,,,,,,,,
,"Note03",,"IT",0,,0,,"MAXADMIN","2011-09-22T17:11:45-07:00",0,0,,"Thinkpad notebook T61P",,,0,,,,,,,,,,,,,,,,,,"HDDRIVE",,,"43000000 \ 43210000 \ 43211500 \ 43211503",,0,0,1,,"SET1",,"SDASITE",,0,,0,"SDAORG",,,,0,0,0,0,0,,"MX",,,"SDASITE",,,,"OPERATING","2011-09-22T17:18:18-07:00",,,0,0,0,0,,,,0,,,,,,,,,,,,,,,,,,,,,,,,,,,,,,,,,,,,,,,,,,,,,,,,,,,,,,,,,,,,,,,,"null","FLOOR",,,"MAXADMIN","2011-09-22T17:19:11-07:00",43211503,0,6,,,,,,,,,,,,,,,,0,0,0,,,0,,,"SDAORG",,,,,,,,,,,,
,"Note03",,"IT",0,,0,,"MAXADMIN","2011-09-22T17:11:45-07:00",0,0,,"Thinkpad notebook T61P",,,0,,,,,,,,,,,,,,,,,,"HDDRIVE",,,"43000000 \ 43210000 \ 43211500 \ 43211503",,0,0,1,,"SET1",,"SDASITE",,0,,0,"SDAORG",,,,0,0,0,0,0,,"MX",,,"SDASITE",,,,"OPERATING","2011-09-22T17:18:18-07:00",,,0,0,0,0,,,,0,,,,,,,,,,,,,,,,,,,,,,,,,,,,,,,,,,,,,,,,,,,,,,,,,,,,,,,,,,,,,,,,"null","ROOM",,,"MAXADMIN","2011-09-22T17:19:11-07:00",43211503,0,7,,,,,,,,,,,,,,,,0,0,0,,,0,,,"SDAORG",,,,,,,,,,,,
,"Note03",,"IT",0,,0,,"MAXADMIN","2011-09-22T17:11:45-07:00",0,0,,"Thinkpad notebook T61P",,,0,,,,,,,,,,,,,,,,,,"HDDRIVE",,,"43000000 \ 43210000 \ 43211500 \ 43211503",,0,0,1,,"SET1",,"SDASITE",,0,,0,"SDAORG",,,,0,0,0,0,0,,"MX",,,"SDASITE",,,,"OPERATING","2011-09-22T17:18:18-07:00",,,0,0,0,0,,,,0,,,,,,,,,,,,,,,,,,,,,,,,,,,,,,,,,,,,,,,,,,,,,,,,,,,,,,,,,,,,,,,,"null","CNDB#",,,"MAXADMIN","2011-09-22T17:19:11-07:00",43211503,0,9,,,,,,,,,,,,,,,,0,0,0,,,0,,,"SDAORG",,,,,,,,,,,,
,"Note03",,"IT",0,,0,,"MAXADMIN","2011-09-22T17:11:45-07:00",0,0,,"Thinkpad notebook T61P",,,0,,,,,,,,,,,,,,,,,,"HDDRIVE",,,"43000000 \ 43210000 \ 43211500 \ 43211503",,0,0,1,,"SET1",,"SDASITE",,0,,0,"SDAORG",,,,0,0,0,0,0,,"MX",,,"SDASITE",,,,"OPERATING","2011-09-22T17:18:18-07:00",,,0,0,0,0,,,,0,,,,,,,,,,,,,,,,,,,,,,,,,,,,,,,,,,,,,,,,,,,,,,,,,,,,,,,,,,,,,,,,"SDAGENT","OWNSHIP",,,"MAXADMIN","2011-09-22T17:19:11-07:00",43211503,0,10,,,,,,,,,,,,,,,,0,0,0,,,0,,,"SDAORG",,,,,,,,,,,,
,"Note03",,"IT",0,,0,,"MAXADMIN","2011-09-22T17:11:45-07:00",0,0,,"Thinkpad notebook T61P",,,0,,,,,,,,,,,,,,,,,,"HDDRIVE",,,"43000000 \ 43210000 \ 43211500 \ 43211503",,0,0,1,,"SET1",,"SDASITE",,0,,0,"SDAORG",,,,0,0,0,0,0,,"MX",,,"SDASITE",,,,"OPERATING","2011-09-22T17:18:18-07:00",,,0,0,0,0,,,,0,,,,,,,,,,,,,,,,,,,,,,,,,,,,,,,,,,,,,,,,,,,,,,,,,,,,,,,,,,,,,,,,"AAA0.ibm.com","HOSTNAME",,,"MAXADMIN","2011-09-22T17:19:11-07:00",43211503,0,11,,,,,,,,,,,,,,,,0,0,0,,,0,,,"SDAORG",,,,,,,,,,,,
,"Note03",,"IT",0,,0,,"MAXADMIN","2011-09-22T17:11:45-07:00",0,0,,"Thinkpad notebook T61P",,,0,,,,,,,,,,,,,,,,,,"HDDRIVE",,,"43000000 \ 43210000 \ 43211500 \ 43211503",,0,0,1,,"SET1",,"SDASITE",,0,,0,"SDAORG",,,,0,0,0,0,0,,"MX",,,"SDASITE",,,,"OPERATING","2011-09-22T17:18:18-07:00",,,0,0,0,0,,,,0,,,,,,,,,,,,,,,,,,,,,,,,,,,,,,,,,,,,,,,,,,,,,,,,,,,,,,,,,,,,,,,,"AAA0ENV","ENVIRONM",,,"MAXADMIN","2011-09-22T17:19:11-07:00",43211503,0,13,,,,,,,,,,,,,,,,0,0,0,,,0,,,"SDAORG",,,,,,,,,,,,
,"Note03",,"IT",0,,0,,"MAXADMIN","2011-09-22T17:11:45-07:00",0,0,,"Thinkpad notebook T61P",,,0,,,,,,,,,,,,,,,,,,"HDDRIVE",,,"43000000 \ 43210000 \ 43211500 \ 43211503",,0,0,1,,"SET1",,"SDASITE",,0,,0,"SDAORG",,,,0,0,0,0,0,,"MX",,,"SDASITE",,,,"OPERATING","2011-09-22T17:18:18-07:00",,,0,0,0,0,,,,0,,,,,,,,,,,,,,,,,,,,,,,,,,,,,,,,,,,,,,,,,,,,,,,,,,,,,,,,,,,,,,,,"null","SCANSTAT",,,"MAXADMIN","2011-09-22T17:19:11-07:00",43211503,0,13,,,,,,,,,,,,,,,,0,0,0,,,0,,,"SDAORG",,,,,,,,,,,,
,"Note03",,"IT",0,,0,,"MAXADMIN","2011-09-22T17:11:45-07:00",0,0,,"Thinkpad notebook T61P",,,0,,,,,,,,,,,,,,,,,,"HDDRIVE",,,"43000000 \ 43210000 \ 43211500 \ 43211503",,0,0,1,,"SET1",,"SDASITE",,0,,0,"SDAORG",,,,0,0,0,0,0,,"MX",,,"SDASITE",,,,"OPERATING","2011-09-22T17:18:18-07:00",,,0,0,0,0,,,,0,,,,,,,,,,,,,,,,,,,,,,,,,,,,,,,,,,,,,,,,,,,,,,,,,,,,,,,,,,,,,,,,"null","ASSETTAG",,,"MAXADMIN","2011-09-22T17:19:11-07:00",43211503,0,14,,,,,,,,,,,,,,,,0,0,0,,,0,,,"SDAORG",,,,,,,,,,,,
